min_ax,max_ax,sd_ax,max_abs_ay,sd_ay,m_v,max_v,sd_v,sd_PosInLa,m_PosInLa,m_THW,sd_THW,min_THW,min_TTC,m_LonDist_LeadV,sd_LonDist_LeadV,m_v_LeadV,sd_v_LeadV,m_THW_RearV,sd_THW_RearV,min_THW_RearV,min_ax_RearV,sc_start_idx,N_samples,speedLimit,temperature,baseline,driver_type,scenario,condition,road_type,driver_type_tag
0.137499999999999,0.96875,0.235539574649275,0.592499999999998,0.571364260521799,24.4135042735043,26.3027777777778,0.964809991933686,0.487420428864071,0.577561604804718,0.701652915192394,0.18543888593589,0.482723892585221,-20,16.9996289658807,3.99257005517728,25.3425059306623,0.757348230051896,NaN,NaN,NaN,NaN,2680,65,31.3,20,1,1,Lane_change,Baseline,All,Professional
0.887499999999999,1.00625,0.044868679389431,0.803749999999997,0.598790091654525,26.8079861111111,27.2416666666667,0.281540254267001,0.26351778149429,1.37322011248519,0.556917875586356,0.00632133388122838,0.54791805613236,-20,14.7981745725386,0.0890855519734759,26.2684168119757,0.0138403137996559,NaN,NaN,NaN,NaN,2745,12,31.3,20,1,1,Lane_change,Baseline,All,Professional
0.850000000000001,0.987499999999997,0.0375479408468974,0.678750000000001,0.197812086866618,28.0203472222222,28.7166666666667,0.437091328436161,0.265801396412656,0.286900046467781,NaN,NaN,NaN,NaN,NaN,NaN,NaN,NaN,NaN,NaN,NaN,NaN,2757,20,31.3,20,1,1,Lane_change,Baseline,All,Professional
-0.431249999999999,0.518750000000001,0.26268651695109,0.866249999999997,0.357977681441024,28.8723069105691,29.2569444444444,0.332365446326821,0.501315953929191,0.613132697325654,1.37858835299098,0.0161292725692685,1.3612743356874,-20,39.5698292504692,0.273927952726304,34.1564880439498,13.1075416151235,1.08127094142439,0.187311839810158,0.849300484324527,-0.56103437420461,3450,82,31.3,20,1,1,Lane_change,Baseline,All,Professional
-0.587500000000002,-0.318750000000001,0.0543971120007778,0.87875,0.549893551893179,29.2604681069959,29.9277777777778,0.411274571673957,0.528212275871867,0.699503301401381,NaN,NaN,NaN,NaN,NaN,NaN,NaN,NaN,1.80273502473947,0.163894728080476,1.51276076698154,-260.462951897193,4410,54,31.3,19.5,1,1,Lane_change,Baseline,All,Professional
-0.53125,0.556250000000002,0.373495253544914,0.38625,0.198912945146926,32.2297364672365,32.9916666666667,0.536625468024181,0.535785760574554,0.600481725321748,2.15720487380098,0.0824147155045308,2.03490967117521,8.19218836957463,70.6935620029206,2.97174554642436,23.8476109479585,0.0934152238667958,1.70913290185554,0.014124958571132,1.67541740768199,-2.00405623264814,4735,78,31.3,19.5,1,1,Lane_change,Baseline,All,Professional
-0.337500000000002,0.493750000000002,0.193491279300374,0.298749999999998,0.269169070436843,28.3435575635877,28.8111111111111,0.25997503911143,0.519587116702193,0.647191842905728,NaN,NaN,NaN,NaN,NaN,NaN,NaN,NaN,NaN,NaN,NaN,NaN,6534,83,31.3,20.5,1,1,Lane_change,Baseline,All,Professional
-0.550000000000001,0.8125,0.385052420883578,0.922499999999999,0.245626024386093,31.4036773989899,32.3819444444444,0.676972644283451,0.541314559229267,0.749924196967516,1.39112811988986,0.428149473127264,1.087961651738,-20,43.8753977683255,14.4175801447388,29.136607891609,2.58478896458984,0.910141730552803,0.028185967610358,0.835850304365226,-62.6289951950778,6805,88,31.3,20.5,1,1,Lane_change,Baseline,All,Professional
0.0812500000000007,1.2,0.298304256732306,0.598749999999999,0.445084047090467,30.6333129084967,33.6083333333333,1.86947003284217,0.538399559110022,0.548321699614034,0.649849245367498,0.119982637910986,0.494174104170814,-20,20.1171314916011,4.8133849693634,31.8518349972328,2.23562985230671,1.60805249170937,0.0327215543450587,1.56636665526695,-1.85492514887535,7274,68,31.3,21,1,1,Lane_change,Baseline,All,Professional
-0.462499999999999,-0.0812500000000007,0.0911664124272561,0.0300000000000011,0.596498667206546,31.4062352245863,31.8347222222222,0.306451375720073,0.523737464730119,0.844187988166479,2.09882170541089,0.0525172543213558,2.0192945731166,-20,65.2277383872317,1.26089878749373,33.2793322086558,0.0335659791151968,1.27594217451276,0.0539266993268112,1.18400615279529,-0.530432069004796,7669,47,31.3,21,1,1,Lane_change,Baseline,All,Professional
-0.1875,0.212499999999999,0.0981879677767547,0.067499999999999,0.46816021994127,29.9390873015873,30.0694444444444,0.091624520947927,0.563417916990837,0.599240635329532,NaN,NaN,NaN,NaN,NaN,NaN,NaN,NaN,1.9055887949576,0.0556182387377297,1.82675296189224,-1.32212582956821,7851,63,31.3,20.75,1,1,Lane_change,Baseline,All,Professional
-0.550000000000001,0.862500000000001,0.567514711163795,0.161250000000003,0.330406285191445,34.6127634099617,35.2805555555556,0.44950513792749,0.48236196460775,0.844690273323193,1.95540140755121,0.107139410083164,1.75975236743967,5.96043770310975,67.5220646706,4.17786486801203,26.6947379600321,2.13977530549199,1.20762889288936,0.0229840785548425,1.16779397966936,-0.641716457945023,8043,58,31.3,20.75,1,1,Lane_change,Baseline,All,Professional
0.181250000000002,1.0375,0.194523171735231,0.610624999999999,0.398242906648387,28.7768284106892,31.0527777777778,1.23555153841625,0.509021419787913,0.499263373875543,0.882660037574182,0.119868390177439,0.607367505231827,-20,25.4712625284527,4.21695173035743,31.3575386603666,3.14903067703585,1.73804276191948,0.0160147655345932,1.7149508295094,-1.15063363928677,9264,79,31.3,21.5,1,1,Lane_change,Baseline,All,Professional
-0.275000000000002,0.21875,0.127836573501925,0.592500000000001,0.308966792439217,32.9081831831832,33.0694444444444,0.116519478338222,0.492155641380587,0.63060688738384,NaN,NaN,NaN,NaN,NaN,NaN,NaN,NaN,1.05603425884329,0.0672200992756817,0.934308579460906,-0.795475698732204,9489,74,31.3,21.75,1,1,Lane_change,Baseline,All,Professional
0.587500000000002,1.6125,0.239537408957046,0.298749999999998,0.568527869108365,29.0930857487923,30.9055555555556,0.987817966777211,0.52553841903704,0.649121621218712,0.789445056203567,0.0777366012741629,0.654544994902941,7.89050250668287,22.3787401764116,1.75067805973455,26.2706445337932,0.0738196046754031,1.05299761681401,0.0202276366538898,1.01983168102293,-1.40885792439935,10459,46,31.3,21.75,1,1,Lane_change,Baseline,All,Professional
-0.475000000000001,0.237500000000001,0.186780385123764,0.5425,0.311888452784288,29.4931960049937,30.625,0.564901852582054,0.513728005538901,0.474637583337641,0.577824386103328,0.0216368143889759,0.548178036121506,-20,16.7692941522888,0.553428537142821,29.4020238043167,0.0694041119705165,1.10004293557641,0.490843891551871,0.635037948388816,-1.61855012369944,11510,89,31.3,21.75,1,1,Lane_change,Baseline,All,Professional
0,1.70625,0.57935151045759,0.51125,0.429425476867648,31.0979990583804,33.1777777777778,1.87098652103299,0.530857542623781,0.566956498107668,0.979614196547309,0.335939658856724,0.573794517248083,-20,29.9084998717728,8.59766321772617,31.6413966319165,4.35507637047865,1.46541939723835,0.056907382447959,1.39343084238938,-1.31812303001308,12588,59,31.3,21.5,1,1,Lane_change,Baseline,All,Professional
-0.600000000000001,0.0562500000000021,0.192493941584179,0.27375,0.325389289174687,33.1979642313546,33.7805555555556,0.570666788910289,0.482726047263623,0.72903885189699,1.64739469620103,0.157901112473226,1.44256883036096,-20,54.717588333369,5.62708592581723,36.7248029194449,2.42518128334676,1.92383647657786,0.162630330346518,1.65821571887735,-3.59689378262882,12710,73,31.3,21.5,1,1,Lane_change,Baseline,All,Professional
-0.506250000000001,0.0999999999999979,0.160193185303393,0.467499999999998,0.379037142820139,30.675871459695,30.8027777777778,0.100913635297283,0.594169621369008,0.747440628013482,1.70771938774705,0.0337154990004713,1.66429480807104,20,52.2341439678006,1.24273327606202,27.7467829431919,0.125175272921203,1.95821821131838,0.0402763985267287,1.90776820628642,-1.34986277567219,13104,51,31.3,21.5,1,1,Lane_change,Baseline,All,Professional
-0.112500000000001,0.556249999999999,0.20651094033088,0.454999999999998,0.348158466985675,29.3784471218206,30.85,0.755573313790971,0.486208057484127,0.550560685211276,0.682967791325261,0.150393305783736,0.401123163931824,-20,20.02152479594,4.16892223168615,31.2852668784705,6.10711115435345,NaN,NaN,NaN,NaN,13322,83,31.3,21.5,1,1,Lane_change,Baseline,All,Professional
-0.475000000000001,0.318749999999998,0.277665270756329,0.91,0.438927326850744,29.278421900161,29.75,0.327162254722221,0.479260072551686,0.568800737757398,1.48663099553175,0.294660317907167,1.12039976224696,-17.8079709220402,43.5450528204443,8.7539995359005,28.0166667376783,3.5374965682756,NaN,NaN,NaN,NaN,13648,69,31.3,21.3532608695652,1,1,Lane_change,Baseline,All,Professional
-0.5,1.2,0.531310577849415,0.3675,0.505549211512531,33.0809343434343,33.5305555555556,0.557354434246203,0.51597023744642,0.687707897885279,NaN,NaN,NaN,NaN,NaN,NaN,NaN,NaN,1.13508288220663,0.437214565191395,0.597473483380891,-41.7219443268541,14066,55,31.3,21.5,1,1,Lane_change,Baseline,All,Professional
-0.581250000000001,0.506249999999998,0.291018201902006,0.467499999999998,0.349551438214973,27.0630555555556,27.3666666666667,0.218651903841148,0.512502524181063,0.705680519063026,2.14758233806974,0.391111780666292,1.44761803203404,6.10764296476557,58.0553599459513,10.4244650364495,20.7055319024007,0.430372625562838,1.05646016674718,0.193530551728753,0.810265519885767,-0.797659076423933,14820,60,31.3,21.5,1,1,Lane_change,Baseline,All,Professional
-0.243749999999999,0.356249999999999,0.135694059542959,1.31625,0.531541096717836,31.7049639917695,31.8902777777778,0.0594694457087851,0.518787985101536,0.683948438131699,1.80897106205398,0.03707249587403,1.75493548941655,-20,57.3740218900404,1.13677368281225,33.0804530397249,0.250894854270359,1.51729588858863,0.0033062896551407,1.51185386277259,-0.656832314512279,16947,54,31.3,22.1967592592593,1,1,Lane_change,Baseline,All,Professional
-0.40625,0.0625,0.115508159331891,0.423750000000002,0.398089327590381,31.0909722222222,31.2944444444444,0.168607224052559,0.560272063018389,0.875775834146355,NaN,NaN,NaN,NaN,NaN,NaN,NaN,NaN,1.22162223951963,0.242356717732029,0.825190365223401,-2.44698575994423,17523,42,31.3,22,1,1,Lane_change,Baseline,All,Professional
-0.181249999999999,0.556249999999999,0.196313779598112,0.517500000000002,0.38964856037327,29.7823931623932,30.0375,0.275672261965783,0.501365173341075,0.620129191588897,1.42328035878649,0.17580874844805,1.11950155072102,6.12214502199198,42.0033127819844,4.89146303751243,23.8756201461343,0.161175069914244,NaN,NaN,NaN,NaN,18881,65,31.3,22,1,1,Lane_change,Baseline,All,Professional
-0.293749999999999,0.131250000000001,0.0903230601260454,0.636249999999997,0.371916422696004,29.3193903318903,29.5916666666667,0.195909844863216,0.533380615841206,0.688126630694061,2.54721116953215,0.0379043398336846,2.48759266020406,-20,74.4465515810618,0.933761438622035,30.4491718482229,0.0340586397639485,2.19178894989627,0.184345714826482,1.88974638281698,-140.818721341161,19015,77,31.3,22,1,1,Lane_change,Baseline,All,Professional
-0.09375,1.97625,0.739114038224428,0.561249999999998,0.431806075388506,24.5857323232323,25.7944444444444,1.31076813402538,0.535151041539316,0.636918227577751,0.895303198599008,0.0900496837330272,0.719704535015473,-10.9684715822317,21.948595806862,1.86100267524793,24.8196206409964,3.22350751025028,NaN,NaN,NaN,NaN,19559,55,31.3,22.2022727272727,1,1,Lane_change,Baseline,All,Professional
-0.568749999999998,1.575,0.771053248471963,0.52375,0.482415874943752,28.8865929705216,29.5777777777778,0.428059103529735,0.497979480452634,0.740159290101455,0.818802034135964,0.260732159695559,0.471845944826502,-8.90650007164288,23.6587650902748,7.49688121641408,27.1103354900338,2.16093740658131,1.4733841465125,1.00000118808423,0.699496659344876,-11.2589108432209,19713,49,31.3,22.3762755102041,1,1,Lane_change,Baseline,All,Professional
-0.543749999999999,0.443750000000001,0.247538019949355,0.809999999999999,0.368847061360667,31.2554580896686,31.7027777777778,0.368646407030427,0.513275017204298,0.772402739740516,1.38106918451291,0.0873153252216142,1.03912386187678,-20,43.367801008806,3.04238608016408,33.2805260404362,0.0867940243986352,1.20797985459637,0.40156193375128,0.914124074515264,-1.92586204049725,19850,114,31.3,22.5,1,1,Lane_change,Baseline,All,Professional
0.0125000000000028,0.643750000000001,0.152607514213823,1.2475,0.766381952175315,31.2724326599327,32.7027777777778,0.73855489537151,0.54936755079643,0.649961879509583,1.60219848233339,0.805338385090845,0.298519579309328,-20,51.4098100675377,26.017483029146,37.6517425421913,9.04094366505353,NaN,NaN,NaN,NaN,20547,66,31.3,22.5,1,1,Lane_change,Baseline,All,Professional
-0.506250000000001,0.21875,0.189828049114368,-0.0300000000000011,0.352598460257962,29.7842514124294,30.4194444444444,0.433732915946031,0.484193213472484,0.763736258908096,1.06329920172043,0.0449297305754154,0.990656387810158,-19.0074773582852,31.2667968859762,1.20015847776842,30.6779602758983,0.0544097226340434,1.25792661428477,0.249269044649546,0.915846437623536,-1.25512852049582,20876,59,31.3,23,1,1,Lane_change,Baseline,All,Professional
-0.5,0.568749999999998,0.268455581899137,0.579999999999998,0.355536223123453,31.3472222222222,31.7027777777778,0.289911698048241,0.449667404452812,0.572309506710532,1.30140719505202,0.259249773742664,1.23028781063679,-20,40.9805073960772,8.26797629410941,31.2285322555781,0.315622645691257,1.6991604109304,0.0258955692147224,1.66572970144615,-1.24349001191767,21198,86,31.3,23.25,1,1,Lane_change,Baseline,All,Professional
-0.449999999999999,0.225000000000001,0.167662001881762,0.673124999999999,0.361223969346861,30.8437317251462,31.1555555555556,0.314225523633471,0.501175217374603,0.656215328380073,1.58629587186368,0.0315635439388932,1.53799628935063,-20,48.4262596139318,0.63695852997391,31.1449102840435,0.101476787736757,2.35146369811682,0.0962898457977122,2.20152503200692,-1.62272220490525,21356,76,31.3,23.0296052631579,1,1,Lane_change,Baseline,All,Professional
-0.59375,0,0.13991033489385,0.623750000000001,0.492803453268765,29.3255692167577,29.9444444444444,0.491775357901836,0.538915390016099,0.63188116368456,2.44743523286032,0.0707910581309084,2.33678592305676,-20,72.8994042331879,1.86229336242291,32.3658988944357,0.115647161663366,1.76170032434905,0.250717687762863,1.47933656582172,-1.5427090037668,21765,61,31.3,23.25,1,1,Lane_change,Baseline,All,Professional
0.206250000000001,0.737500000000001,0.139637678532639,0.772499999999997,0.462122093294316,30.2708534621578,31.5138888888889,0.8319529857588,0.51294482738611,0.561080055176348,1.61092762931333,0.374173468093268,0.893579174423096,-20,49.0057654649142,12.4029393003187,33.2913774010585,11.6305218306624,1.72513548319225,0.0631603881047592,1.61537876526758,-1.35147469286409,22177,69,31.3,23.5,1,1,Lane_change,Baseline,All,Professional
-0.518750000000001,0.131249999999998,0.184412516924967,1.10375,0.501917866441575,30.3888888888889,31.4361111111111,0.538710980413295,0.482830860459425,0.62946565570592,2.3475032174898,0.067237598391744,2.2439903249266,-19.9664332565894,73.0924452591106,1.65790486806255,34.3652038068572,0.0690239528038521,1.52923908906607,0.560424984937727,1.03184671055554,-0.415840927530766,22269,66,31.3,23.5,1,1,Lane_change,Baseline,All,Professional
-1.9075,2.32625,0.799838493744043,2.7375,0.92421637094208,13.1563809880239,23.2722222222222,3.4746090967566,0.210027211294639,0.287916862421839,NaN,NaN,NaN,NaN,NaN,NaN,NaN,NaN,-35.3393688878075,69.1203526585139,-142.77768214008,-23.9501354327145,1,668,31.3,19.3597744360902,1,1,Uninfluenced_driving,Baseline,All,Professional
0.0437499999999993,3.815,0.907218925121319,0.2425,0.143928073762983,12.0088029576339,18.25,5.09970767568572,0.0148945041301703,0.413861161470413,3.67205973125323,0.187237515300547,3.23143418084207,-3.6221527526815,8.83863814992176,1.48267187571433,5.33436385358559,1.17286700627889,NaN,NaN,NaN,NaN,806,139,31.3,20.6303956834532,1,1,Uninfluenced_driving,Baseline,All,Professional
-0.387499999999999,0.15625,0.174631417696154,0.897500000000001,0.332289421133729,19.2496260683761,19.4055555555556,0.113796895263035,NaN,NaN,NaN,NaN,NaN,NaN,NaN,NaN,NaN,NaN,NaN,NaN,NaN,NaN,1260,52,31.3,20.25,1,1,Uninfluenced_driving,Baseline,All,Professional
-0.8125,0.0812499999999972,0.26260308644978,1.309375,0.345078296269409,17.0521572104019,17.5444444444444,0.510756201646162,NaN,NaN,NaN,NaN,NaN,NaN,NaN,NaN,NaN,NaN,NaN,NaN,NaN,NaN,1432,47,31.3,20.0558510638298,1,1,Uninfluenced_driving,Baseline,All,Professional
0.206250000000001,0.40625,0.0320516914431947,-0.254999999999999,0.0357587695655254,0,0,0,0.0182872635988441,0.324012781892504,NaN,NaN,NaN,NaN,NaN,NaN,NaN,NaN,NaN,NaN,NaN,NaN,1604,35,31.3,20,1,1,Uninfluenced_driving,Baseline,All,Professional
0.493749999999999,2.33875,0.445415277719289,-0.186249999999998,0.123828338330148,7.31194679849342,11.9055555555556,2.85329428697543,0.111148177906791,0.152037084102631,1.926177419804,0.0200257274505268,1.90399078458287,-13.3065307543526,21.635541324616,0.917682632676597,12.9086925803485,0.380256884988686,2.22553826709621,0.661918241589433,1.46615384390107,-26.8134166576493,1663,118,31.3,20,1,1,Uninfluenced_driving,Baseline,All,Professional
0.256250000000001,0.918749999999999,0.194968015170835,0.592499999999998,0.148106388153541,12.7761494252874,14.1944444444444,0.706362455991267,0.0530482767571881,0.20088196417381,2.39451028995704,0.246367297284231,1.94868656819458,-20,30.7485890743683,4.74425682465875,15.29235906492,0.757565405046528,1.41503737017869,0.0323180240051,1.32396571521197,-220.637797860438,1782,58,31.3,20.2068965517241,1,1,Uninfluenced_driving,Baseline,All,Professional
0.131250000000001,0.418749999999999,0.0725243392116029,-0.0425000000000004,0.0532188269900381,15.469212962963,15.9527777777778,0.292797630924325,0.0241590712206767,0.193451834221681,2.79009957230802,0.0222736013540926,2.74096022099385,-20,43.1664091688969,1.14179575831258,17.0074331946274,0.264031535933129,1.68389787526428,0.0135795041981342,1.66624164046778,-0.157852632011313,1883,24,31.3,20,1,1,Uninfluenced_driving,Baseline,All,Professional
-0.875,-0.0125000000000028,0.204513833124288,0.0187500000000007,0.174902866449867,16.8641516516517,16.9833333333333,0.0875035749305456,0.398310721556274,0.897138578058393,NaN,NaN,NaN,NaN,NaN,NaN,NaN,NaN,2.05717094001543,0.141535212595422,1.88960392532576,-1.01944763181047,1936,37,31.3,20,1,1,Uninfluenced_driving,Baseline,All,Professional
-0.931250000000002,3.30125,0.970922691068948,-0.155000000000001,1.20483761749564,7.39215203106332,13.7722222222222,4.78677170688576,NaN,NaN,NaN,NaN,NaN,NaN,NaN,NaN,NaN,NaN,22.0991179567254,28.6689650659855,3.40515670657605,-0.208146489053651,2089,186,31.3,20,1,1,Uninfluenced_driving,Baseline,All,Professional
-0.318750000000001,1.53125,0.604655053102803,2.95,0.366584328351607,15.750422705314,18.5069444444444,1.11392768277992,NaN,NaN,NaN,NaN,NaN,NaN,NaN,NaN,NaN,NaN,NaN,NaN,NaN,NaN,2360,69,31.3,20,1,1,Uninfluenced_driving,Baseline,All,Professional
-0.368750000000002,1.719375,0.666744803363701,2.65125,0.525674636485304,21.4730257116621,22.375,0.780299560797208,0,0.205379545688629,0.484095542859773,0,0.484095542859773,-5.54820530073028,10.3811599746596,0,22.8619683539842,0,1.29912140185967,0.0575151750885681,1.21058813408501,-93.4906900196758,2430,121,31.3,20,1,1,Uninfluenced_driving,Baseline,All,Professional
-0.143749999999997,1,0.446603663388236,0.803749999999997,0.342103416492886,29.0786868686868,30.0069444444444,0.827350709696825,0.300205752570581,0.36297209625217,NaN,NaN,NaN,NaN,NaN,NaN,NaN,NaN,NaN,NaN,NaN,NaN,2751,110,31.3,20,1,1,Uninfluenced_driving,Baseline,All,Professional
-0.206249999999997,0.0999999999999979,0.0618335098187699,0.405000000000001,0.111260500329325,28.1921737213404,28.9055555555556,0.350575435392229,0.0954067934724663,0.431898046107519,NaN,NaN,NaN,NaN,NaN,NaN,NaN,NaN,1.40582153155419,0.239965564589673,1.06243221562306,-2.23037868472289,2862,126,31.3,20,1,1,Uninfluenced_driving,Baseline,All,Professional
0.137499999999999,0.543749999999999,0.120872886893778,0.0549999999999997,0.152940966967249,28.5417417417418,29.1861111111111,0.45922413269494,0.0605853974165509,0.302806225982872,NaN,NaN,NaN,NaN,NaN,NaN,NaN,NaN,0.923735166028544,0.0189984801609637,0.905172169155193,-0.621646670273854,3185,37,31.3,20,1,1,Uninfluenced_driving,Baseline,All,Professional
0.0687500000000014,0.518750000000001,0.102766745542328,0.866249999999997,0.229229383745497,28.9978427895981,29.2569444444444,0.12831023817071,0.478964726409068,0.53214319470398,NaN,NaN,NaN,NaN,NaN,NaN,NaN,NaN,0.916399552765881,0.0257221086703843,0.849300484324527,-0.434338225269677,3448,47,31.3,20,1,1,Uninfluenced_driving,Baseline,All,Professional
0.15625,0.649999999999999,0.157283827318191,0.223749999999999,0.130476287925656,27.6613888888889,28.1777777777778,0.254335754044991,0.074662226607184,0.237676944997576,1.72131917477214,0.0679448824153272,1.5994431191856,-20,47.6295847758118,2.29111937780488,29.3514260571426,0.241814025141532,1.94004938582667,0.0464870169856373,1.90721382576723,-0.369709650938326,3825,45,31.3,20,1,1,Uninfluenced_driving,Baseline,All,Professional
0.274999999999999,1.36875,0.295471850570975,-0.0118749999999999,0.109343098795993,29.3932438794727,30.8888888888889,0.619162847356931,0.0260436809102344,0.324792267912525,2.23162312995352,0.00414317164225948,2.22728392453158,-20,68.4442143224737,0.265958664229946,32.2794615019193,0.0306190469285429,1.98622871177864,0.0526256105987589,1.90581547904219,-0.966169540259685,3883,59,31.3,19.8347457627119,1,1,Uninfluenced_driving,Baseline,All,Professional
-0.175000000000001,0.693749999999998,0.183896876341237,0.161250000000003,0.121034934955082,29.8238264767932,31.2875,0.67408032169169,0.0690472925509799,0.156245477591889,2.4314736812561,0.058159329513529,2.34318085989671,-20,73.3678113702486,1.42338449043448,32.0467533448304,0.166286107920568,NaN,NaN,NaN,NaN,4034,316,31.3,19.6467563291139,1,1,Uninfluenced_driving,Baseline,All,Professional
-0.612499999999997,0.556250000000002,0.278257193869498,0.87875,0.273171686046472,30.6094918699187,32.9916666666667,1.08671657169904,0.280313304807219,0.286819411259962,NaN,NaN,NaN,NaN,NaN,NaN,NaN,NaN,2.03300030430378,0.288486006281702,1.51276076698154,-260.462951897193,4351,410,31.3,19.5,1,1,Uninfluenced_driving,Baseline,All,Professional
-0.53125,-0.193750000000001,0.0632136764687362,0.38625,0.19276246115987,31.2610920852359,32.5305555555556,0.75626007873541,0.446573211723835,0.376740358667831,0.916579695150041,0.0339685218170278,0.869049372133254,5.06614815458668,27.587553963286,1.08407224372295,57.9964514617961,7.67473870933091e-15,1.70173854950075,0.0183373147492445,1.65556898211877,-3.34369914136285,4772,73,31.3,19.5,1,1,Uninfluenced_driving,Baseline,All,Professional
-0.393750000000001,0.212500000000002,0.155144850919096,0.0737499999999969,0.131812708456052,29.4653876898481,30,0.289430990695237,0.130537950659259,0.214134401125874,NaN,NaN,NaN,NaN,NaN,NaN,NaN,NaN,1.48132297099794,0.0573246960197604,1.41580700266907,-1.90288395627491,4853,139,31.3,19.5,1,1,Uninfluenced_driving,Baseline,All,Professional
-0.275000000000002,0.193750000000001,0.114128273424691,0.0549999999999997,0.125218129218151,30.2525114155251,30.4444444444444,0.119154889112271,0.0539735885778721,0.106291848502747,NaN,NaN,NaN,NaN,NaN,NaN,NaN,NaN,1.57778442834406,0.045939587939999,1.50300237421581,-1.68832718186287,4994,73,31.3,19.5,1,1,Uninfluenced_driving,Baseline,All,Professional
-0.53125,0.212500000000002,0.102442121765823,0.342500000000001,0.174895401789262,30.5727686261842,31.4277777777778,0.584542792313596,0.115634734889994,0.161004721540813,NaN,NaN,NaN,NaN,NaN,NaN,NaN,NaN,1.65300683561552,0.155737627155642,1.4243479663196,-2.0802435665609,5077,516,31.3,19.7843992248062,1,1,Uninfluenced_driving,Baseline,All,Professional
-0.256250000000001,0.1875,0.098658575033709,-0.142499999999998,0.143814615532444,29.7690900383141,30.4527777777778,0.379501332604287,0.0801315648725022,0.222193211111529,NaN,NaN,NaN,NaN,NaN,NaN,NaN,NaN,1.69365356210578,0.0291478323213119,1.6116966766195,-3.58904763204492,5946,145,31.3,20.2025862068966,1,1,Uninfluenced_driving,Baseline,All,Professional
-0.3125,-0.0625,0.0713328371503195,-0.411250000000003,0.106181963510758,27.3845878136201,27.7027777777778,0.172978608881249,0.0115650107875648,0.0248245904522557,1.98209167570068,0.0764314472434607,1.86018868316521,-20,54.2661669120619,1.75710864523893,29.2885213502654,0.0876594354283227,1.53618337573744,0.0263354383612996,1.4998617970867,-2.96467366949642,6260,31,31.3,20.25,1,1,Uninfluenced_driving,Baseline,All,Professional
-0.568750000000001,0.668749999999999,0.201479195598763,0.473749999999999,0.268448967827086,29.1648352260075,31.9194444444444,1.26922647444736,0.281190568972762,0.295153362881803,2.58562461213674,0.124511094345764,2.36845533247338,-20,69.7946785459774,3.66122292106168,35.4154332692732,12.4350355864149,1.61038402681574,0.458416005690252,1.05391175451416,-1.32701594476028,6315,499,31.3,20.4659318637275,1,1,Uninfluenced_driving,Baseline,All,Professional
0.693750000000001,1.2,0.158984896611418,0.598749999999999,0.158983051629378,31.1912037037037,32.2569444444444,0.697679862446531,0.472060985405621,0.765682752865056,0.720337849150199,0.0386123879192714,0.645833977393388,-12.8772516641651,22.4938551558049,1.69628763347087,33.6544905535944,0.0422919804541861,NaN,NaN,NaN,NaN,7301,24,31.3,21,1,1,Uninfluenced_driving,Baseline,All,Professional
-0.337499999999999,-0.0500000000000007,0.0866729333842054,-0.3675,0.194743325802616,31.7097222222222,31.9041666666667,0.102484737852544,0.0444367026468529,0.0947441355041836,1.05235932483357,0.0377418273222271,0.991071207938528,-15.0309369249535,33.3663832946976,1.09100110600675,33.2861529285026,0.0308648594847362,NaN,NaN,NaN,NaN,7449,23,31.3,21,1,1,Uninfluenced_driving,Baseline,All,Professional
-0.100000000000001,0.28125,0.0708130848409659,-0.311250000000001,0.205908586083009,31.7545,32.0222222222222,0.167489127138899,0.057914369418573,0.228907384872437,1.30268791326063,0.0672705384349415,1.17985369785995,-20,41.3771608138164,2.3513308956697,34.0896475452008,4.99600658903433,NaN,NaN,NaN,NaN,7482,50,31.3,21,1,1,Uninfluenced_driving,Baseline,All,Professional
-0.506250000000001,0.912500000000001,0.329728494008153,0.067499999999999,0.315973802420429,31.024460909284,35.2805555555556,1.5173151924719,0.356399031619745,0.369695047992166,2.26052019038839,0.162865837857414,2.0192945731166,-20,68.9953439355392,3.7926305927229,33.3053021374025,0.047612223745732,1.64107196220552,0.186628852457641,1.18400615279529,-69.9951500272566,7542,523,31.3,20.8902963671128,1,1,Uninfluenced_driving,Baseline,All,Professional
-0.387500000000003,1.0375,0.369246152162117,0.610624999999999,0.211926840962948,32.4355507662835,33.4041666666667,1.23648247631337,0.348179609242746,0.372473314256761,1.38069276396464,0.456088721554157,0.607367505231827,-10.8926286962027,44.5041951979083,16.445222281438,36.4743338601918,2.09309599863136,1.40267001431718,0.225618782819515,0.934308579460906,-232.092664131457,9300,290,31.3,21.6103448275862,1,1,Uninfluenced_driving,Baseline,All,Professional
-0.306249999999999,0.756250000000001,0.25953526053335,-0.00562499999999844,0.11605654050052,24.59079218107,24.8111111111111,0.0761321912173291,0.0256277621776272,0.0961358304376955,0.944701646943246,0.0515241577572644,0.858550834896658,-12.9182059839116,23.2325877786453,1.30234370977671,26.1962336222287,0.0425942233641508,1.4759666405676,0.122142397126851,1.27598309374824,-1.63229463458539,10390,27,31.3,21.6064814814815,1,1,Uninfluenced_driving,Baseline,All,Professional
0.587500000000002,1.6125,0.236783687691835,0.298749999999998,0.330467987058776,33.3214849108367,37.3583333333333,2.41747832281529,0.367124280433168,0.2657144172692,NaN,NaN,NaN,NaN,NaN,NaN,NaN,NaN,1.20417930382673,0.124981457682828,1.06264351042595,-2.47443156470737,10486,81,31.3,21.75,1,1,Uninfluenced_driving,Baseline,All,Professional
0.0625,0.53125,0.147501958397482,-0.248749999999998,0.145234531694183,29.3534523809524,29.7027777777778,0.186036826528444,0.0166473896856861,0.249920516354697,0.863372949581676,0.0592080765776835,0.767053557724283,-14.1919795144379,25.3530807605881,1.89290799078465,31.080305940016,0.21418311233266,1.10809893331599,0.0160463595657696,1.08371539342217,-1.27194207623354,11051,35,31.3,22,1,1,Uninfluenced_driving,Baseline,All,Professional
-0.475000000000001,0.0687499999999979,0.145069282438293,0.5425,0.281046894315049,30.295269726248,30.7805555555556,0.441018397229973,0.442781408607576,0.303679677968224,NaN,NaN,NaN,NaN,NaN,NaN,NaN,NaN,1.73574086259772,0.0997674202801347,1.55750005646782,-1.61855012369944,11483,69,31.3,21.75,1,1,Uninfluenced_driving,Baseline,All,Professional
0.0625,1.475,0.424447440751287,-0.105,0.109183106538275,29.3335286458333,31.4833333333333,1.42153426103631,0.039377056694729,0.203874214552343,NaN,NaN,NaN,NaN,NaN,NaN,NaN,NaN,1.23703368926503,0.0519307604125696,1.17683023290764,-1.29914730375397,12335,64,31.3,21.5,1,1,Uninfluenced_driving,Baseline,All,Professional
-0.600000000000001,1.475,0.450167669909929,0.51125,0.218732048701261,33.3775428921568,33.7875,0.569997888113548,0.399675903731949,0.5318717298454,1.18077733406274,0.418407177993941,0.573794517248083,-11.5006395990013,39.5577369676996,14.3005734345025,37.0541525038105,1.24527024221246,1.62567663373901,0.151134084260836,1.39343084238938,-78.7495140610744,12614,136,31.3,21.5,1,1,Uninfluenced_driving,Baseline,All,Professional
-0.300000000000001,0.118749999999999,0.0847270604265163,0.467499999999998,0.164335148293245,30.7875816993464,31,0.133583309555244,0.317390167174139,0.297149216824704,NaN,NaN,NaN,NaN,NaN,NaN,NaN,NaN,NaN,NaN,NaN,NaN,13004,136,31.3,21.5,1,1,Uninfluenced_driving,Baseline,All,Professional
0.131250000000001,0.549999999999997,0.131645906187017,0.454999999999998,0.181660631651415,29.1625,29.5916666666667,0.243079552859191,0.496061713610297,0.83236687080088,0.496628480549504,0.0542195838647117,0.401123163931824,-6.45582190570933,14.4952372979737,1.69917699918277,31.8315758414508,0.0737040329894971,NaN,NaN,NaN,NaN,13352,22,31.3,21.5,1,1,Uninfluenced_driving,Baseline,All,Professional
-0.475000000000001,-0.106249999999999,0.0940231625423592,0.91,0.353950812655068,29.1329415954416,29.6944444444444,0.318462919479314,0.466126850827173,0.48880400790427,1.2591203085211,0.091943919781855,1.12039976224696,-17.8079709220402,36.6537796550466,2.28424919868904,31.0907034132072,0.0650635802586237,NaN,NaN,NaN,NaN,13677,39,31.3,21.4262820512821,1,1,Uninfluenced_driving,Baseline,All,Professional
-0.0124999999999993,0.293749999999999,0.0916780660161504,0.111249999999998,0.216783523713972,28.9703525641026,29.2875,0.171828825922352,0.0900312830711668,0.440015123440669,1.76067530318376,0.0456277370472929,1.68097131312892,-20,51.0147405314468,1.6184904663758,31.083000920905,0.0495261467756927,NaN,NaN,NaN,NaN,13747,26,31.3,21.5,1,1,Uninfluenced_driving,Baseline,All,Professional
-0.587499999999999,1.2,0.303755765553557,0.3675,0.236421575532095,31.1642717717717,33.5305555555556,1.27020450922798,0.281416747353963,0.271165831366906,2.29025255317434,0.162062255450504,2.02244843892473,-20,67.6449433706136,4.97413152503046,31.4064216212632,0.171954430445613,0.933136141188756,0.314177605568117,0.597473483380891,-80.1582564205377,13817,370,31.3,21.5,1,1,Uninfluenced_driving,Baseline,All,Professional
-0.256250000000001,0.224999999999998,0.0922367346269718,-0.142499999999998,0.161825830545739,32.3025308641975,32.4833333333333,0.09610710095239,0.0601306715427325,0.287636372778151,NaN,NaN,NaN,NaN,NaN,NaN,NaN,NaN,NaN,NaN,NaN,NaN,14188,45,31.3,21.5,1,1,Uninfluenced_driving,Baseline,All,Professional
-0.568750000000001,0.449999999999999,0.188838400811924,-0.0237499999999997,0.170835790374701,30.0014915693904,32.6319444444444,1.22061355358727,0.14388772640067,0.267974812214769,NaN,NaN,NaN,NaN,NaN,NaN,NaN,NaN,1.2394409575373,0.315188390690656,0.728502189810179,-2.18703070722206,14242,514,31.3,21.5,1,1,Uninfluenced_driving,Baseline,All,Professional
0.337499999999999,1.44375,0.457497839558568,-0.192499999999999,0.0574453431351635,8.88569023569024,10.3972222222222,0.718882878622896,0.0217157886465252,0.20873364535245,1.79674495927715,0.10047040972627,1.61610798350551,-14.6560713368947,16.0182775959111,2.04266202691086,10.7708352319438,0.763297073715604,2.56188812075085,0.0904198361107295,2.41744399709484,-0.211759318282585,15326,33,31.3,21.5757575757576,1,1,Uninfluenced_driving,Baseline,All,Professional
0.03125,0.324999999999999,0.0637619448358003,-0.129999999999999,0.102280650210893,16.2403174603175,16.5611111111111,0.189209552676792,0.0122247101493909,0.229323639188494,1.97448921832581,0.0896769740274967,1.83096187736902,-20,32.082635113022,1.82741792626509,17.9041864508586,0.233815866458271,1.04558293026791,0.0316164950639593,1.01343066555383,-0.74381718591777,15609,35,31.3,21.75,1,1,Uninfluenced_driving,Baseline,All,Professional
0.287500000000001,0.71875,0.13850677391541,-0.0362500000000026,0.133276707868257,19.4999368686869,20.7486111111111,0.654878824662637,0.0375385286146943,0.362747961824591,2.21042859563433,0.0316456939631025,2.14626014057152,-20,43.1223515187089,2.03947945958023,21.0509998961666,0.69326726246785,1.04066455744035,0.0424818663432242,0.96728938996331,-0.0800591034533937,15710,44,31.3,21.90625,1,1,Uninfluenced_driving,Baseline,All,Professional
-0.118750000000002,0.481249999999999,0.131257685486034,1.09125,0.431325066902974,27.2577599388379,28.3277777777778,0.634271177092714,0.0988904732826058,0.213033606699847,1.52199445735992,0.225175004039768,1.15067255281014,-20,41.6228868527081,7.07795164606789,29.2986682051766,0.658938809798191,1.04420558636405,0.0469069281988562,0.979262571680326,-0.629884196073931,16648,109,31.3,22.25,1,1,Uninfluenced_driving,Baseline,All,Professional
-0.762499999999999,0.450000000000003,0.241997812223849,1.24125,0.436706942121556,30.7633475328363,32.0777777777778,0.744072273699254,0.302296368742035,0.26402746501584,1.84026092085841,0.0219751513399183,1.8103604255736,-20,58.3398296936205,0.639777283958694,33.2872586216454,0.0975861946438522,1.23212487469156,0.236530111854612,0.844444560965071,-1.91708406278956,16961,313,31.3,22.2394169329073,1,1,Uninfluenced_driving,Baseline,All,Professional
-0.449999999999999,0.487500000000001,0.14603227473941,0.655000000000001,0.302271093019025,30.4250595238095,31.6861111111111,0.622920498995632,0.260766643725587,0.252849184105192,1.92834654796047,0.471046784205417,0.51363003661405,-20,59.0227271141408,14.7449505181669,33.468746223973,0.392818551148023,1.31441338912061,0.28521575429888,0.825190365223401,-389.353033803554,17279,770,31.3,22.0496753246753,1,1,Uninfluenced_driving,Baseline,All,Professional
-0.368749999999999,0.418750000000003,0.120923288019473,0.38625,0.35034549415934,29.306855867347,30.6472222222222,0.804384370640155,0.0950567472399518,0.125951372391107,1.5117717695254,0.534287901078775,0.620460634703741,-20,45.6456816382948,15.9298117982982,32.5115692035778,3.07999688511511,1.86569192984263,0.0934832893323016,1.69005788971018,-2.17198124244412,18057,784,31.3,21.9532844387755,1,1,Uninfluenced_driving,Baseline,All,Professional
-0.287499999999998,0.268750000000001,0.0905116182697549,0.636249999999997,0.260121394951991,29.7340936739659,30.0375,0.198256213923975,0.372493649000931,0.520169797197093,NaN,NaN,NaN,NaN,NaN,NaN,NaN,NaN,NaN,NaN,NaN,NaN,18911,137,31.3,22,1,1,Uninfluenced_driving,Baseline,All,Professional
-0.331250000000001,0.300000000000001,0.0887801404645078,0.173750000000002,0.165911921390479,29.0883698092031,29.3111111111111,0.123156384599698,0.0902624308733374,0.141363259919163,NaN,NaN,NaN,NaN,NaN,NaN,NaN,NaN,2.49672583893044,0.017726351813727,2.48419141535726,-1.18310806403045,19074,297,31.3,21.9305555555556,1,1,Uninfluenced_driving,Baseline,All,Professional
-0.09375,1.71875,0.437807492115472,0.561249999999998,0.260941755174399,25.6299603174603,25.9361111111111,0.16132477621716,0.495554757884677,0.441752750426531,0.929180268812413,0.0962775891266235,0.773506338007475,-15.5424794290438,23.821230524162,2.53249542743155,27.6796440685744,0.110926983295479,NaN,NaN,NaN,NaN,19584,42,31.3,22.25,1,1,Uninfluenced_driving,Baseline,All,Professional
-0.681249999999999,0.443750000000001,0.201013914937319,0.809999999999999,0.437040464755679,30.4559032235059,32.2333333333333,0.925851440295042,0.341255043569222,0.250667098345985,1.10805495608827,0.285853927851446,0.676766382693518,-20,34.0777695826254,9.68253380430609,32.6125826309604,0.756265062978255,1.33963927554613,0.292388703227822,0.898127068259411,-1.92586204049725,19801,779,31.3,22.431161745828,1,1,Uninfluenced_driving,Baseline,All,Professional
-0.506250000000001,0.106249999999999,0.157734662518163,-0.0300000000000011,0.304677490425488,30.7542605105105,31.5930555555556,0.547350140881462,0.313485736503233,0.470100719683074,NaN,NaN,NaN,NaN,NaN,NaN,NaN,NaN,1.52255925798506,0.0258286553606037,1.46337757988509,-0.960578265901368,20830,74,31.3,23,1,1,Uninfluenced_driving,Baseline,All,Professional
-0.112500000000001,0.568749999999998,0.159986418718898,0.111249999999998,0.290985402560757,30.6760721247563,31.625,0.517723188625181,0.288697175766186,0.550449132657888,NaN,NaN,NaN,NaN,NaN,NaN,NaN,NaN,1.6872053445923,0.019525114389761,1.66298924910832,-1.24349001191767,21171,57,31.3,23.1425438596491,1,1,Uninfluenced_driving,Baseline,All,Professional
-0.293749999999999,0.225000000000001,0.115199445517219,0.673124999999999,0.279004456869172,31.0582070707071,31.1555555555556,0.0684597223997769,0.395933169660447,0.4918046628887,NaN,NaN,NaN,NaN,NaN,NaN,NaN,NaN,NaN,NaN,NaN,NaN,21344,55,31.3,23.0954545454545,1,1,Uninfluenced_driving,Baseline,All,Professional
-0.59375,0.612500000000001,0.170509606058255,0.623750000000001,0.23300397916866,29.2298647660818,30.3583333333333,0.640440836323494,0.296005493720482,0.205338828961708,2.31260753187186,0.139048456385241,2.09517777754535,-20,69.3071279801409,3.69637799032462,32.1831987755469,0.220257657864121,1.89476060027438,0.183015709309816,1.47933656582172,-2.31026896110951,21733,380,31.3,23.29375,1,1,Uninfluenced_driving,Baseline,All,Professional
-2.6825,0.481249999999999,0.415034241037612,1.10375,0.300975823818676,28.3009738604922,31.7805555555556,3.85218276318222,0.3025284095635,0.238203103794125,2.08767896519208,0.180964723006311,1.79284337132145,-20,65.2186233662321,5.94524397137365,37.416722951284,8.05547217801939,1.78302265180737,0.175761108509445,1.03184671055554,-0.879258752878442,22212,763,31.3,23.5135976408912,1,1,Uninfluenced_driving,Baseline,All,Professional
-0.443749999999998,0.356249999999999,0.199002397649617,0.641874999999999,0.143996088228188,19.8660405643739,20.8111111111111,0.601512021329351,0.100244578852923,0.260180162437378,1.9910168418517,0.178651719886691,1.7440085233465,-20,39.5542252323724,3.64881373876206,20.3316260735035,0.456490202898532,NaN,NaN,NaN,NaN,945,315,31.3,20.5162698412698,1,1,Following_a_lead_vehicle,Baseline,All,Professional
-0.412500000000001,0.0249999999999986,0.12888398633179,1.11,0.209825764303496,18.7465873015873,19,0.229773741085749,0.0409737976256964,0.0598046387944903,3.04233566662674,0.058035441597774,2.96288294076616,-20,57.0205993023396,0.406886258181454,19.1646380136015,0.338285287748827,NaN,NaN,NaN,NaN,1361,35,31.3,20.25,1,1,Following_a_lead_vehicle,Baseline,All,Professional
-0.3125,-0.0124999999999993,0.0893684438154772,0.778749999999999,0.142923766830433,17.6889444444445,17.9666666666667,0.128808668561972,0.0438571119769756,0.294345066547394,3.28863480165316,0.0293191970816445,3.22175369042732,-20,58.1689977333534,0.165560684902138,17.6611299358006,0.521983588599818,NaN,NaN,NaN,NaN,1407,25,31.3,20.25,1,1,Following_a_lead_vehicle,Baseline,All,Professional
-0.237500000000001,0.912500000000001,0.446831255264293,0.204999999999998,0.11201641210793,15.0010658914729,15.3194444444444,0.301795168645436,0.0499610701879832,0.291693132977153,2.63561171327693,0.0463221739472521,2.5640310603958,-20,39.5298630082056,0.740847778555328,15.7637048559859,0.29480090867678,1.54178249042289,0.100684703015002,1.38775757696558,-0.820000974573176,1840,43,31.3,20,1,1,Following_a_lead_vehicle,Baseline,All,Professional
-0.443750000000001,1.01875,0.458603454428622,1.65875,0.936187426151277,15.0199019607843,15.5694444444444,0.435067531741579,0.358855135728219,0.589776751223732,1.77438734298339,0.0499672110298531,1.70466545971955,-20,26.6344699423508,0.51983149077229,15.0541589934068,0.279027016089376,NaN,NaN,NaN,NaN,2275,85,31.3,20,1,1,Following_a_lead_vehicle,Baseline,All,Professional
-0.306250000000002,0.556249999999999,0.208044000019761,0.217499999999998,0.131073535145827,22.4588861920173,22.8819444444444,0.244258564994939,0.129397930721256,0.203363320202503,0.680268470198273,0.0787018515870728,0.587038400385498,-20,15.2864248154305,1.8547493547233,23.118873456626,0.543693229484308,0.89629418385227,0.06214095923493,0.799830186757058,-0.272758718191817,2576,103,31.3,20,1,1,Following_a_lead_vehicle,Baseline,All,Professional
0.137499999999999,0.96875,0.217156411218841,0.592499999999998,0.523297562674799,24.2021367521368,25.5291666666667,0.726609842462975,0.527234003941866,0.616403684951365,0.716143027501005,0.194461100648562,0.482723892585221,-20,17.2255799580797,4.29561105454902,25.2407029614624,0.718127244158,NaN,NaN,NaN,NaN,2683,52,31.3,20,1,1,Following_a_lead_vehicle,Baseline,All,Professional
-0.150000000000002,0.331250000000001,0.156866311685613,0.2425,0.091319765462276,27.6066550925926,27.7875,0.06605620660724,0.0104959291062745,0.393926622966925,2.71324276332051,0.0292699810109502,2.65416454064843,20,74.9020661078649,0.673682701678775,26.6948900268138,0.0472958188065879,1.00903552820213,0.0266768682888569,0.974646311364082,-0.821053855334561,2990,24,31.3,20,1,1,Following_a_lead_vehicle,Baseline,All,Professional
-0.375,0.375,0.151931328814987,0.0737500000000004,0.122539747123536,29.9372605363984,30.4527777777778,0.386019150864591,0.0321985634620991,0.374504359289147,2.31375354480255,0.165506329186656,2.02601010650251,20,69.2061311032257,4.08308395325026,24.1826985546874,7.80453214861407,1.03445897935584,0.0767148146256431,0.921181533928664,-1.1526938568765,3222,87,31.3,20,1,1,Following_a_lead_vehicle,Baseline,All,Professional
-0.518750000000001,-0.168750000000003,0.0818753090836397,0,0.0961269906167235,29.1105620155039,30.0152777777778,0.527606152436052,0.0640959904988067,0.491368458714596,1.40533161831462,0.0655654287517232,1.32011317322978,18.3547743390331,40.9433445888202,2.65327837576534,16.7850334212648,7.59972081791731,1.16583086406974,0.0238969299679923,1.09542706178653,-0.809698126618557,3311,43,31.3,20,1,1,Following_a_lead_vehicle,Baseline,All,Professional
0.0125000000000028,0.587500000000002,0.173764047515703,0.411250000000003,0.14739580251442,28.0462037037037,28.7333333333333,0.276198295046349,0.115887972807688,0.206593630711238,1.29242295760782,0.0379661798087808,1.25397811118312,-20,36.257593647865,1.42443996771162,34.2249948831762,6.24455313392762,0.906934868511853,0.018265717661334,0.879137137111194,-1.02371112819494,3388,60,31.3,20,1,1,Following_a_lead_vehicle,Baseline,All,Professional
0.1875,0.400000000000002,0.0474333330671438,0.361249999999998,0.179328659589739,28.0976543209877,28.3416666666667,0.14988036001714,0.0824848127172203,0.138343102402157,1.48692363191059,0.0277975910465985,1.44394518363471,-20,41.7750386087718,0.562174206488533,27.77590793307,0.181480449468856,1.448443086504,0.042180459500198,1.3941185730114,-0.705286633647404,3588,45,31.3,20,1,1,Following_a_lead_vehicle,Baseline,All,Professional
0.0374999999999979,0.649999999999999,0.158907644819568,0.223749999999999,0.151642688686529,27.8066419141914,28.5138888888889,0.302770525721951,0.124733545796889,0.289804051123043,1.54931949461229,0.137667524646926,1.4316846348486,-20,43.0839485063828,3.91643546804831,28.4181704184005,0.673181565067215,1.93500596177256,0.0330273116344376,1.83365029790811,-1.44079642664899,3681,202,31.3,19.8242574257426,1,1,Following_a_lead_vehicle,Baseline,All,Professional
-0.537500000000001,0.125,0.149448073996262,0.58625,0.184098080664519,30.3531916850625,31.0777777777778,0.729972232170703,0.119528417078596,0.12775482918253,1.69075790043715,0.571960210907878,0.786979301780651,11.2147483998573,51.7250504181292,18.3841099891636,28.1584136231998,0.980316597636771,1.67765857488866,0.0451882630151264,1.55197209423108,-1.86529906741082,5593,151,31.3,20,1,1,Following_a_lead_vehicle,Baseline,All,Professional
0.381249999999998,0.668749999999999,0.0817240302691949,-0.39875,0.138917046870854,28.5260620915033,29.3416666666667,0.507965113230983,0.0529303531729396,0.127451135831721,2.34093116943404,0.445916901213846,0.581231817915213,-20,66.8683216083443,12.9286242250818,29.8495990579874,0.795173252862676,1.10576900133021,0.0189051260438198,1.08731212999759,-1.44097998289876,5820,34,31.3,20,1,1,Following_a_lead_vehicle,Baseline,All,Professional
-0.443749999999998,0.143749999999997,0.157849768786002,-0.123749999999998,0.186154889552522,29.2841257668711,29.7638888888889,0.5430962276185,0.137015203591985,0.243078275326571,1.98218147007911,0.281214499467842,1.29308828329927,-20,58.1263593980689,8.85644661006985,27.6891066385801,0.705679272118631,1.71693897334866,0.0300186443733951,1.65258181114207,-3.30841632613851,6091,163,31.3,20.25,1,1,Following_a_lead_vehicle,Baseline,All,Professional
-0.518750000000001,0.243749999999999,0.225871592833669,0.442499999999999,0.276021800960159,30.0433504034761,31.2722222222222,0.387193613141778,0.103069803376024,0.212477811887944,1.33859020256142,0.281031786041314,1.087961651738,-20,40.1758798813108,8.25451126896115,30.3077411627657,0.697529764224155,0.873033478875933,0.0495808196713041,0.727257836712283,-91.526894270639,6856,179,31.3,20.5844972067039,1,1,Following_a_lead_vehicle,Baseline,All,Professional
-0.431249999999999,1.2,0.542261468802574,-0.0299999999999976,0.104532828583212,29.8706214689265,30.4666666666667,0.457673521759392,0.0300284263600746,0.10046257002879,1.24147746499466,0.209332313995673,0.903294499899839,9.43042344311644,37.0261287633503,5.86492960043774,26.6759116536652,0.370455526841007,NaN,NaN,NaN,NaN,7126,59,31.3,20.7733050847458,1,1,Following_a_lead_vehicle,Baseline,All,Professional
-0.506250000000001,-0.268750000000001,0.0589837819952356,-0.236249999999998,0.196337684049407,30.1639423076923,30.6555555555556,0.311789805533724,0.0544073788708992,0.630621043535379,2.38295990937524,0.105396187836091,2.22250523066869,-20,71.8479493574397,2.43646773776843,33.3237227018838,0.0485796061080797,1.46645878195404,0.0474952855144022,1.388523473806,-0.90850016349993,7718,26,31.3,21,1,1,Following_a_lead_vehicle,Baseline,All,Professional
-0.550000000000001,-0.262499999999999,0.0615779813438394,-0.2425,0.147781505769651,30.5430084745763,31.6472222222222,0.654811983226749,0.0401162875928226,0.396771273370516,0.961704392966408,0.123601568306758,0.780283080231764,13.1816434820208,29.4525830702071,4.4164188664676,27.9949231749096,0.0912193366650419,1.19767017145181,0.0392588774597276,1.12148079914435,-1.19908191248108,8152,59,31.3,21,1,1,Following_a_lead_vehicle,Baseline,All,Professional
-0.400000000000002,0.449999999999999,0.148481799535697,-0.0174999999999983,0.158746107309557,28.5215712893344,29.2333333333333,0.373538945527224,0.116878191027445,0.193239419083846,0.834058875451492,0.07707550955798,0.727779071383606,-20,23.8049199864515,2.38916405687314,28.7233516604345,0.407651278467566,1.12752856487647,0.170129694778977,0.881384549181232,-2.10397599904454,8253,399,31.3,21.2731829573935,1,1,Following_a_lead_vehicle,Baseline,All,Professional
-0.46875,-0.106249999999999,0.0717408023712289,-0.1675,0.0678295618028386,28.5420138888889,28.9444444444444,0.249292157783906,0.0228135474124817,0.251484038574355,0.990556069202147,0.00365152206658148,0.985224286509259,-20,28.2732814339734,0.346167438319381,28.1725381642173,0.187162203663851,NaN,NaN,NaN,NaN,8877,28,31.3,21.25,1,1,Following_a_lead_vehicle,Baseline,All,Professional
-0.175000000000001,0.806249999999999,0.263601389226159,0.43,0.148685061620257,33.2750272331155,33.4041666666667,0.0952880988077148,0.0400238122185343,0.331270580198251,1.83551329107042,0.242718780424198,1.47719039806193,-10.8926286962027,61.0859941914126,8.14964319695029,38.6125628947243,0.884531486044253,1.57971226683102,0.0319783789959499,1.50701820236242,-1.19862688171871,9373,51,31.3,21.5,1,1,Following_a_lead_vehicle,Baseline,All,Professional
-0.418749999999999,0.0999999999999979,0.117386010698888,0.223750000000003,0.119217506916409,30.7912520729685,31.25,0.349029258996705,0.102677090943452,0.171209162295754,1.60358934993529,0.130614458769857,0.920657219540457,-20,49.3849081541378,4.19911578725662,29.8994547959728,1.30122913619424,NaN,NaN,NaN,NaN,9710,134,31.3,21.6408582089552,1,1,Following_a_lead_vehicle,Baseline,All,Professional
-0.174999999999997,0.606250000000003,0.195213917428272,0.286250000000003,0.115113319971841,30.8278252611586,31.3666666666667,0.401599542176986,0.166058919814999,0.204561921266409,1.84307728199256,0.0313914973313811,1.73560033438477,-20,56.8117508575997,0.884272724270993,30.7800991106152,0.375618651583468,1.31986054774742,0.0341781883416623,1.26649528660291,-1.27606506225156,9952,117,31.3,21.75,1,1,Following_a_lead_vehicle,Baseline,All,Professional
-0.225000000000001,-0.0187500000000007,0.0607860220461128,0.0862499999999997,0.125557180817195,30.8191798941799,30.875,0.0281146896314838,0.0437929635847381,0.0438487331072489,1.52383968920778,0.0263227049321838,1.48092281681912,20,46.9641566803014,0.851960000959873,29.452961234244,0.0328522685704453,NaN,NaN,NaN,NaN,10106,21,31.3,21.75,1,1,Following_a_lead_vehicle,Baseline,All,Professional
-2.02,0.256250000000001,0.435969030240488,-0.0925000000000011,0.188344020018273,28.7253184713376,31.35,2.25042451783246,0.0463664497451118,0.0830283817971588,0.777558828423885,0.0591007129423009,0.696389319861764,-20,22.3986775021265,2.99779758202231,28.2838320072288,1.7150728900214,1.79979585167008,0.0700814131906361,1.69095311676772,-2.45150033962489,10233,157,31.3,21.5,1,1,Following_a_lead_vehicle,Baseline,All,Professional
0.524999999999999,0.975000000000001,0.117596823018698,-0.305,0.191894074203769,26.3354797979798,27.6,0.822589738128329,0.0255440325537058,0.0437290302731774,0.991563081015601,0.0439825314010984,0.894861103421237,-20,26.0812582445315,0.57035008769034,26.1960525831323,0.0466965783171207,1.09834625890869,0.0722661729332539,1.01983168102293,-1.66665247845209,10417,44,31.3,21.75,1,1,Following_a_lead_vehicle,Baseline,All,Professional
-0.15625,0.21875,0.104812177405431,-0.33625,0.135560131245284,31.3554811507936,31.5916666666667,0.111008923856805,0.071010072840826,0.221814892121724,1.09973947425605,0.0506075049311848,1.02533509337032,-20,34.4780557823438,1.48296614518523,32.1960010656086,0.112610416826828,NaN,NaN,NaN,NaN,10730,56,31.3,22,1,1,Following_a_lead_vehicle,Baseline,All,Professional
-0.381250000000001,0.293749999999999,0.223981841172871,-0.204999999999998,0.190340191795347,31.2565235690236,31.6472222222222,0.152312851942825,0.038110689624324,0.174863674423911,0.866029181335605,0.0270272234919343,0.813682690672863,-20,27.0718777013064,0.944287817755469,30.1872311478572,0.147081628297324,1.64259745410548,0.0142657327040856,1.61852965024659,-1.19148632024189,10883,33,31.3,22,1,1,Following_a_lead_vehicle,Baseline,All,Professional
-0.46875,0.4375,0.24185401094961,-0.27375,0.13050415121349,29.4465861889927,30.5138888888889,0.346728594630048,0.0677128107203013,0.104423944638154,0.669580886571258,0.0237918521325861,0.64585817412216,-20,19.7170765227993,0.74101136405921,29.5205879875335,0.433810717387634,1.320597548382,0.148645329589845,1.14522977610545,-2.07836056596818,10942,107,31.3,22,1,1,Following_a_lead_vehicle,Baseline,All,Professional
-0.40625,0.481249999999999,0.215798868953126,-0.0174999999999983,0.120215958011195,30.2217129629629,30.6388888888889,0.24546928386175,0.0823293611940203,0.241529042853249,1.06440432424973,0.0565883147145729,0.959575491277104,-20,32.1789062419956,1.91541180979156,31.0513330132729,0.204525179212176,1.14648644585821,0.0388595697878482,1.08640508311362,-2.34137768567322,11086,90,31.3,22,1,1,Following_a_lead_vehicle,Baseline,All,Professional
-0.493749999999999,0.475000000000001,0.350850419523791,-0.0612499999999976,0.146686509883672,31.258201058201,31.9361111111111,0.471878547426246,0.115600873048447,0.163196550948279,1.24116075427955,0.124526656122254,0.82935501929112,-20,38.806407602107,4.02951172216439,31.7687652199722,0.53325480341492,1.44539349774743,0.130957668882073,1.24377007867638,-1.24068977659462,11184,84,31.3,22,1,1,Following_a_lead_vehicle,Baseline,All,Professional
-0.456250000000001,0.362500000000001,0.198820564363079,-0.13625,0.10035023465939,30.4147027600849,31.3277777777778,0.589931334662283,0.0564495859128628,0.258788748151937,1.01547353452568,0.0807673764087262,0.818433719597304,-20,30.9215073206794,2.91897363321744,32.0124652899817,5.98749331274349,1.73435272590378,0.0863203592294544,1.64352165913723,-1.36037760427069,11326,157,31.3,21.9450636942675,1,1,Following_a_lead_vehicle,Baseline,All,Professional
-0.699999999999999,0.649999999999999,0.269534839447204,0.411250000000003,0.222181748247682,29.3380842911877,30.2416666666667,0.456257089659142,0.142072469835999,0.210234651072272,0.943578728023761,0.0939802149278716,0.829374366425261,-20,27.7080773159011,3.06367007598943,29.3012316679306,1.00341774739506,1.18530295672842,0.143888515204136,0.937065550321199,-1.78558321398725,11900,435,31.3,21.5,1,1,Following_a_lead_vehicle,Baseline,All,Professional
-0.462500000000002,-0.21875,0.0671088068290817,-0.142499999999998,0.0963047500648718,29.8700925925926,30.4666666666667,0.357166737834046,0.0397689524183233,0.207899037996928,1.87824403818189,0.100475352304479,1.7191239986271,15.3652820040441,56.1379557339477,3.6732925595107,25.705431381412,0.070578383970016,1.52694687818774,0.0286823393102789,1.46848602838603,-0.353478265612353,12426,30,31.3,21.5,1,1,Following_a_lead_vehicle,Baseline,All,Professional
-0.574999999999999,0.0812500000000007,0.168312926037867,0.0799999999999983,0.119213431629925,31.7615995115995,33.2166666666667,0.79467209932153,0.130592056257064,0.36037441269382,2.22744933522021,0.132952968860903,2.03075775354517,-20,70.6468457678059,2.55544857306808,32.6995102247778,0.419017930138609,NaN,NaN,NaN,NaN,12910,91,31.3,21.5,1,1,Following_a_lead_vehicle,Baseline,All,Professional
-0.1875,0.549999999999997,0.236012528413298,0.454999999999998,0.350219553862762,28.9776215277778,30.1236111111111,0.489374568648487,0.529025779880255,0.497272342117503,0.731448392988907,0.178320789491943,0.401123163931824,-9.99604948783766,21.1398093976677,4.93233532476932,30.5883887156651,6.37403409585981,NaN,NaN,NaN,NaN,13307,80,31.3,21.5,1,1,Following_a_lead_vehicle,Baseline,All,Professional
-0.206250000000001,0.0749999999999993,0.0855384008498115,0.14875,0.135175870722703,29.0166666666667,29.1555555555556,0.0575380773217217,0.069615291407481,0.399088996428031,0.773471304115289,0.018261513270408,0.746327699509896,-20,22.4427050788654,0.493189658961093,29.5967908502262,0.0815013791775867,NaN,NaN,NaN,NaN,13566,27,31.3,21.25,1,1,Following_a_lead_vehicle,Baseline,All,Professional
-0.168749999999999,0.262499999999999,0.119994828193927,0.111249999999998,0.127820231312332,28.75,28.8416666666667,0.0407595254913919,0.019268605818552,0.336426572366194,0.887251839800034,0.0223234943533908,0.851100211586016,-16.0945677450079,25.5089269126198,0.66132490072834,29.7743068584678,0.065371955961553,NaN,NaN,NaN,NaN,13606,22,31.3,21.25,1,1,Following_a_lead_vehicle,Baseline,All,Professional
-0.412499999999998,0.0437499999999993,0.100385747396846,-0.123750000000001,0.117861009899782,29.568998015873,29.6319444444444,0.0332002951509805,0.0436959454347808,0.334614870803697,1.92853294631926,0.0352736189248246,1.8741264423293,-20,57.0243072702588,1.01665617589709,30.8426601427822,0.0342734334228747,0.684914765216366,0.0439962134455141,0.63429001410868,-1.04079969923156,13784,28,31.3,21.5,1,1,Following_a_lead_vehicle,Baseline,All,Professional
-0.456250000000001,0.506249999999998,0.236826232350062,-0.00562499999999844,0.206793023950771,27.0135752688172,27.3666666666667,0.283364348454632,0.4069423668779,0.297635031643734,2.319167103666,0.382800184441137,1.44761803203404,6.10764296476557,62.6352340428703,10.3656665714529,23.1182293653487,1.88411288680279,0.778219716313365,0.0667050823802448,0.690940419822181,-1.69083199160134,14756,93,31.3,21.5,1,1,Following_a_lead_vehicle,Baseline,All,Professional
-0.824999999999999,-0.199999999999999,0.125599703894076,0.467499999999998,0.193520137667364,26.921146953405,27.2333333333333,0.194864859549696,0.382363651700392,0.616855888597427,2.45632731687284,0.192405897329938,2.1429873220112,10.4196645300089,66.1627816799579,5.64705459649849,20.6263995327344,0.142511374220888,1.25311890587992,0.0509066409487238,1.14038017850371,-0.628881104450443,14852,31,31.3,21.5,1,1,Following_a_lead_vehicle,Baseline,All,Professional
-0.206250000000001,0.581250000000001,0.2523837831818,-0.105,0.0683434734985247,21.0483552631579,21.5763888888889,0.20927635799885,0.0381046799046021,0.175431091534464,1.42651308783997,0.0288234085643678,1.37232521674542,-20,30.0293673211748,0.825461148218224,21.6780992030374,0.184034203475862,1.33080842315369,0.0581391433877398,1.24530681392762,-2.05032602104229,15053,38,31.3,21.5,1,1,Following_a_lead_vehicle,Baseline,All,Professional
-1.38125,0.143750000000001,0.34462626809414,-0.0924999999999976,0.0861956350402965,21.4013374485597,21.8972222222222,0.630161574039891,0.0329479819655935,0.289453608018381,1.30755561113645,0.0857475610819338,1.190425903415,-20,28.0276168066709,2.53742955048941,20.4670455185421,0.816807375878344,1.52094044016196,0.0253112782306903,1.4661501615399,-0.821740444622137,15098,81,31.3,21.5,1,1,Following_a_lead_vehicle,Baseline,All,Professional
-1.06875,1.44375,0.699146800170889,-0.192499999999999,0.0593201858764114,8.74323210922788,11.35,1.16824016784945,0.0407616111057841,0.247444215467421,1.4653413734335,0.224489934301647,1.24293604180376,-20,12.7622556488516,2.35843482902448,9.09910478270765,1.22743431040508,2.24377463468148,0.305663323868274,1.49659654045894,-2.85111396347411,15239,118,31.3,21.5169491525424,1,1,Following_a_lead_vehicle,Baseline,All,Professional
-0.325000000000003,0.112500000000001,0.143642322743392,-0.21125,0.061375159251608,12.9605429292929,13.1388888888889,0.163453742044367,0.0254482236524202,0.18303825638511,1.51738914217766,0.0281174108563414,1.48857957585631,-20,19.6618915242339,0.128166675854187,13.0798463900668,0.125715855408236,2.13618320140811,0.124762705088117,1.92361143366518,0.559090307679249,15389,22,31.3,21.75,1,1,Following_a_lead_vehicle,Baseline,All,Professional
-0.349999999999998,0.78125,0.301381963438945,0,0.08859988314664,14.5003127299485,16.1694444444444,1.23675776024048,0.0368659127772061,0.410165853847731,1.83187818458076,0.0979340554555793,1.66969080543143,-20,26.535546766104,2.35438717142939,14.8205276828955,0.741568490742531,1.46831474356954,0.119576900226463,1.1664633492607,-0.873577861140689,15434,151,31.3,21.75,1,1,Following_a_lead_vehicle,Baseline,All,Professional
0.03125,0.824999999999999,0.195433129199741,0.21125,0.17206144727804,19.0023019547325,24.0916666666667,2.44985175114148,0.0950270807417644,0.239628405758628,2.08319519129497,0.128770259046085,1.76084585898364,-20,39.6703217906407,6.05972672442296,19.7496003123226,1.87103167948245,1.05632981719986,0.0940983958753908,0.901459241000959,-1.03989983069678,15597,216,31.3,21.8501157407407,1,1,Following_a_lead_vehicle,Baseline,All,Professional
-0.387499999999999,0.399999999999999,0.227818891690032,0.248750000000001,0.151904717054606,25.164837398374,25.8819444444444,0.32921384244047,0.125366697583842,0.227307534799343,1.29093516524636,0.099025387446869,1.15739807203473,-20,32.467024875739,2.26259592825207,24.8742071755548,0.888771427737762,1.05290828833858,0.0641566680658248,0.951746672626144,-1.48994146667366,15836,164,31.3,21.9622713414634,1,1,Following_a_lead_vehicle,Baseline,All,Professional
-0.475000000000001,0.34375,0.227204892761221,0.142499999999998,0.11142275338399,24.6647633744856,25.7166666666667,0.542253735863227,0.0546813858089189,0.26018349815298,1.15382155851252,0.0349945183554804,1.10263271758573,-20,28.4674122661496,1.29316127123794,24.4046014837303,0.186798594007978,1.33720763260167,0.0776420947686668,1.23062695834591,-0.927258493569703,16027,135,31.3,22.0712962962963,1,1,Following_a_lead_vehicle,Baseline,All,Professional
-2.25125,0.34375,0.394198770836677,0.2925,0.131920927087819,24.9271788194444,25.2944444444444,0.340279814376419,0.0409079143819655,0.131566156446934,1.14575122979213,0.100499090353485,0.519028358075668,-20,28.570526021251,2.52345761583601,25.0310944716856,0.618852681934042,1.57663323677715,0.0164920522434805,1.53201112284472,-1.43058353298311,16163,160,31.3,22.109375,1,1,Following_a_lead_vehicle,Baseline,All,Professional
-0.412500000000001,1.125,0.41705649628988,0.380000000000003,0.192619108539834,21.6510385939036,26.4916666666667,2.8749638910834,0.0969279411816103,0.463135210022462,0.879749404908214,0.117387160633958,0.636673767192917,-20,19.2520625589214,4.45412109249506,23.8958956060168,8.32519378475634,0.996297018408667,0.136140641687249,0.834309039101231,-1.45587534041272,16372,226,31.3,22.1742256637168,1,1,Following_a_lead_vehicle,Baseline,All,Professional
-0.443749999999998,1.36875,0.313970879671676,1.09125,0.349053155929437,27.8334918822932,31.0222222222222,1.13048466619065,0.105849823642079,0.217561318449778,1.66927064908548,0.343194005469367,1.05855848187625,-20,46.8169908660237,11.2292225457844,29.3426402750715,0.93817031151164,1.05320741767096,0.064408836773641,0.943637243586638,-0.629884196073931,16625,219,31.3,22.1877853881279,1,1,Following_a_lead_vehicle,Baseline,All,Professional
-0.243749999999999,0.168749999999999,0.0935411316240896,1.31625,0.358791169291113,31.7469863731656,31.8583333333333,0.0479787438908543,0.457649282788752,0.433671222472528,1.77138095025434,0.0487838138844503,1.71725476981424,-20,56.2341625890899,1.48039259425052,32.6262629422987,0.551708383476004,NaN,NaN,NaN,NaN,16922,53,31.3,22.0778301886792,1,1,Following_a_lead_vehicle,Baseline,All,Professional
-0.3125,0.487500000000001,0.174635170614976,-0.13625,0.144868018942661,30.5874140893471,31.1777777777778,0.331502968863815,0.115132316599462,0.15086999812077,2.05168280110658,0.25380528256682,1.56352961712063,-20,62.8180931416854,8.31185591064123,33.553921215145,0.195808745859983,0.971297185882235,0.0671234886413727,0.872361834631074,-1.16432931896032,17283,97,31.3,22.25,1,1,Following_a_lead_vehicle,Baseline,All,Professional
-0.368749999999999,0.287499999999998,0.111839119630619,0.38625,0.169992450587581,30.2513840996168,30.6472222222222,0.189198770588568,0.085467419865096,0.116569746773818,1.42655119636009,0.539253346325865,0.51363003661405,-20,43.1178679821028,16.1701065694863,32.5194854043485,3.0902155894889,1.8479529007171,0.104108651830287,1.67463720647526,-2.17198124244412,18041,290,31.3,21.9758620689655,1,1,Following_a_lead_vehicle,Baseline,All,Professional
-0.393750000000001,0.556249999999999,0.293133097128209,0.142500000000002,0.246311588313787,29.6146901709402,29.9666666666667,0.238608531425854,0.336231315749326,0.256956996826025,1.73161031363575,0.291144228870406,1.22271488346732,7.20929740771548,51.3213056040464,8.91613999227586,23.666520387137,0.242187864401399,NaN,NaN,NaN,NaN,18854,52,31.3,22,1,1,Following_a_lead_vehicle,Baseline,All,Professional
-0.5,-0.237500000000001,0.0496096581082083,0.229999999999997,0.153713522885369,24.6742612293144,25.9597222222222,0.754514161979306,0.0227422718058252,0.0236381203570264,1.32876397766053,0.134013498065219,1.13126486001443,11.2509501178545,32.8848316845229,4.32141415045883,21.5349792015523,0.153101607274441,NaN,NaN,NaN,NaN,19443,47,31.3,21.9228723404255,1,1,Following_a_lead_vehicle,Baseline,All,Professional
-0.118749999999999,1.87625,0.498444629580435,0.561249999999998,0.242774700015752,25.5108923884514,26.5916666666667,0.435886888727176,0.417848927314094,0.348556416857196,1.12582463301332,0.207543849441024,0.719704535015473,-20,28.7422614573921,5.40882916142159,26.5652052783991,1.57316976975846,NaN,NaN,NaN,NaN,19575,127,31.3,22.25,1,1,Following_a_lead_vehicle,Baseline,All,Professional
0.425000000000001,0.643750000000001,0.0528094130850083,1.2475,0.474785412850951,32.6462239583333,33.4361111111111,0.483471485937826,0.245483768678624,0.206408765166998,2.09785334294474,0.0092352644317674,2.07723706789552,-20,68.4880333297445,1.12176353437129,33.8736492048083,0.27829638128831,NaN,NaN,NaN,NaN,20595,32,31.3,22.5,1,1,Following_a_lead_vehicle,Baseline,All,Professional
-0.5,0.400000000000002,0.176822506858669,0.579999999999998,0.211135633111706,31.3427681992337,31.7027777777778,0.234523685955314,0.348241029119538,0.443229360602282,1.31652307975856,0.187917266075427,1.23028781063679,-20,41.258809000684,5.91475493301528,31.745581726112,1.58922953702228,1.74505439383295,0.0018190780112462,1.74296798538267,-0.0914901849013816,21228,116,31.3,23.25,1,1,Following_a_lead_vehicle,Baseline,All,Professional
-0.449999999999999,0.21875,0.138763834284807,0.23,0.192901131901087,30.3834027777778,30.9833333333333,0.139661154837609,0.371167796250735,0.385851459870381,1.74141694389214,0.106856527423063,1.53799628935063,-20,52.9030685935072,3.14799195356491,31.1091180526924,0.204672598850106,2.0350033674828,0.197034918298526,1.89146514947668,-1.62272220490525,21399,140,31.3,23.1678571428571,1,1,Following_a_lead_vehicle,Baseline,All,Professional
-0.46875,0.737500000000001,0.369933148244431,0.716249999999999,0.372069847243523,29.1923611111111,30.6944444444444,0.656468242174394,0.477699765718045,0.374612853915062,1.77655002166249,0.442621135192766,0.893579174423096,-14.3835029361126,51.8168874195482,12.8978981343517,27.0710861212377,10.1692764779622,1.6572070043995,0.0186205099464093,1.61537876526758,-1.35147469286409,22113,106,31.3,23.5,1,1,Following_a_lead_vehicle,Baseline,All,Professional
-0.443749999999998,0.356249999999999,0.199002397649617,0.641874999999999,0.143996088228188,19.8660405643739,20.8111111111111,0.601512021329351,0.100244578852923,0.260180162437378,1.9910168418517,0.178651719886691,1.7440085233465,-20,39.5542252323724,3.64881373876206,20.3316260735035,0.456490202898532,NaN,NaN,NaN,NaN,945,315,31.3,20.5162698412698,1,1,Approaching_a_lead_vehicle,Baseline,All,Professional
-0.412500000000001,0.0249999999999986,0.12888398633179,1.11,0.209825764303496,18.7465873015873,19,0.229773741085749,0.0409737976256964,0.0598046387944903,3.04233566662674,0.058035441597774,2.96288294076616,-20,57.0205993023396,0.406886258181454,19.1646380136015,0.338285287748827,NaN,NaN,NaN,NaN,1361,35,31.3,20.25,1,1,Approaching_a_lead_vehicle,Baseline,All,Professional
-0.3125,-0.0124999999999993,0.0893684438154772,0.778749999999999,0.142923766830433,17.6889444444445,17.9666666666667,0.128808668561972,0.0438571119769756,0.294345066547394,3.28863480165316,0.0293191970816445,3.22175369042732,-20,58.1689977333534,0.165560684902138,17.6611299358006,0.521983588599818,NaN,NaN,NaN,NaN,1407,25,31.3,20.25,1,1,Approaching_a_lead_vehicle,Baseline,All,Professional
-0.443750000000001,1.01875,0.458603454428622,1.65875,0.936187426151277,15.0199019607843,15.5694444444444,0.435067531741579,0.358855135728219,0.589776751223732,1.77438734298339,0.0499672110298531,1.70466545971955,-20,26.6344699423508,0.51983149077229,15.0541589934068,0.279027016089376,NaN,NaN,NaN,NaN,2275,85,31.3,20,1,1,Approaching_a_lead_vehicle,Baseline,All,Professional
-0.537500000000001,0.125,0.132847992363145,0.286249999999999,0.114719698171459,30.8884557945042,31.0777777777778,0.18227707021095,0.138667279824182,0.159454022684405,2.12075923835993,0.183890965039058,1.85930965877415,20,65.5337755216345,5.9897930723231,28.7508328099191,0.146079517508644,1.70116025288489,0.0241276670093505,1.66579737428772,-1.86529906741082,5593,93,31.3,20,1,1,Approaching_a_lead_vehicle,Baseline,All,Professional
-0.0749999999999993,0.118750000000002,0.0595325007183041,-0.21125,0.280736339500282,29.5541035353535,29.5847222222222,0.0224789946724886,0.0563552036461234,0.379035540602424,2.48568922296428,0.0551935390673718,2.39858924069011,20,73.4612364449815,1.58041468452612,27.1511067990984,0.0777377536386655,1.68232102224723,0.0061120832832926,1.66403884327482,-1.29139839949385,6091,22,31.3,20.25,1,1,Approaching_a_lead_vehicle,Baseline,All,Professional
-0.550000000000001,0.243749999999999,0.251187464402357,0.922499999999999,0.316202023049938,30.2242892156862,31.8888888888889,0.605453049093145,0.314175898339739,0.317375083212905,1.22214489541922,0.100260955656531,1.087961651738,-20,36.9044316894947,2.68344898672689,30.4229623442672,0.300230515109288,0.873196176383121,0.0473277728252431,0.727257836712283,-91.526894270639,6839,170,31.3,20.5507352941176,1,1,Approaching_a_lead_vehicle,Baseline,All,Professional
-0.112500000000001,-0.00624999999999787,0.0342536474659068,0.223750000000003,0.0782154779110149,31.1085858585859,31.1472222222222,0.0239668822016339,0.0387261608528488,0.173082568428733,1.48164542540987,0.265230191757032,0.920657219540457,4.66517951822507,46.0966819742909,8.27177252543983,28.6497331129464,2.81167818865857,NaN,NaN,NaN,NaN,9748,22,31.3,21.5170454545455,1,1,Approaching_a_lead_vehicle,Baseline,All,Professional
-0.112500000000001,0.349999999999998,0.0962414052694331,-0.204999999999998,0.177853751897663,29.4253174603175,29.75,0.226438275446987,0.484509656647402,0.596871187644345,1.85826979437231,0.208858053445695,1.52421201147694,9.43083038622712,54.6344097931796,5.72096176026565,23.9498762030771,0.282076450003096,NaN,NaN,NaN,NaN,13642,35,31.3,21.25,1,1,Approaching_a_lead_vehicle,Baseline,All,Professional
-0.21875,0.0687500000000014,0.0749775952198136,0.2425,0.208075654487956,28.6905913978495,28.7416666666667,0.0298847014428206,0.0494994062953045,0.288520939888493,1.17581897046386,0.179758165016683,0.900690660700567,6.74480293939945,33.7378035971943,5.17954601867801,23.8725253470065,1.42833534974338,NaN,NaN,NaN,NaN,13716,31,31.3,21.5,1,1,Approaching_a_lead_vehicle,Baseline,All,Professional
-0.456250000000001,0.506249999999998,0.236826232350062,-0.00562499999999844,0.206793023950771,27.0135752688172,27.3666666666667,0.283364348454632,0.4069423668779,0.297635031643734,2.319167103666,0.382800184441137,1.44761803203404,6.10764296476557,62.6352340428703,10.3656665714529,23.1182293653487,1.88411288680279,0.778219716313365,0.0667050823802448,0.690940419822181,-1.69083199160134,14756,93,31.3,21.5,1,1,Approaching_a_lead_vehicle,Baseline,All,Professional
-0.393750000000001,0.556249999999999,0.269265463947851,0.142500000000002,0.222663585995708,29.699246031746,29.975,0.251548221509922,0.466873324085699,0.314627114949482,1.81344268282212,0.401893934796083,1.11950155072102,6.12214502199198,53.9111878611302,12.2383944348259,23.6324217203248,0.253776740723327,NaN,NaN,NaN,NaN,18841,70,31.3,22,1,1,Approaching_a_lead_vehicle,Baseline,All,Professional
-0.5,0.34375,0.201768093861653,0.579999999999998,0.184438645291919,31.4813425925926,31.7027777777778,0.138912042953869,0.372994074927798,0.455665361819168,1.23995426047128,0.00798194572352566,1.23028781063679,-20,39.0358145056684,0.35292863088394,31.2969295075072,0.35197890142367,NaN,NaN,NaN,NaN,21231,60,31.3,23.25,1,1,Approaching_a_lead_vehicle,Baseline,All,Professional
-2.22,2.17,1.63394127193609,0.286249999999999,0.177034182341159,20.3145214521452,23.2722222222222,2.22817496567314,0.0926116113666968,0.325205330219534,2.8209478219854,0.182343865865672,2.65829371614023,9.25844564793504,58.4753141269294,9.32594395326576,14.3775856465985,0.860243612927101,NaN,NaN,NaN,NaN,619,101,31.3,20.1212871287129,1,1,Cut_in,Baseline,All,Professional
-2.93875,0.200000000000003,0.737802289938769,1.309375,0.494122772043636,16.8981498756219,19.4055555555556,3.52083992892473,0.104932719075486,0.115298235718208,3.03740115308306,0.219126307293163,2.59934614224477,-20,48.5612133947247,13.1307160578493,13.6711706551267,8.10935495184287,NaN,NaN,NaN,NaN,1262,268,31.3,20.1683768656716,1,1,Cut_in,Baseline,All,Professional
0.206250000000001,2.40125,0.700089386605454,-0.186249999999998,0.0571232294977221,1.87720654121864,7.04444444444444,2.40283469297339,0.027564270592702,0.324408050443305,Inf,NaN,4.89087547894266,-20,6.47661194131488,0.448610246871972,0.814371002577575,0.352131699350869,3.48351717069667,0.132873691247905,3.31511682646168,0.170000031747684,1589,124,31.3,20,1,1,Cut_in,Baseline,All,Professional
-3.18875,0.418749999999999,1.07887635298508,0.305,0.198352453723768,15.3935579196217,16.9833333333333,1.92810181706508,0.362883541548134,0.300943096431385,2.58006076861855,0.261001915393048,2.2107397593863,-20,38.6475334799332,8.05666832555481,13.3326506965748,4.24222016074678,1.8289271889517,0.173822415635248,1.66624164046778,-1.01944763181047,1883,141,31.3,20,1,1,Cut_in,Baseline,All,Professional
0.0250000000000021,1.3375,0.336805394473043,-0.098749999999999,0.537947956548285,14.1644547325103,15.5694444444444,0.992721043547372,0.176285131110862,0.571767383346371,1.80974100844531,0.0298283974354974,1.74871405854796,-20,26.860906552793,0.451130086481061,15.0816257960364,0.334308445532941,NaN,NaN,NaN,NaN,2245,81,31.3,20,1,1,Cut_in,Baseline,All,Professional
-0.356249999999999,1.719375,0.687351812899902,2.95,1.1092517781239,18.7226760176018,22.375,2.87454567739391,0,0.362051010131836,1.97186737132161,0,1.97186737132161,-20,36.8301005687959,0,19.7326695548502,0,NaN,NaN,NaN,NaN,2379,101,31.3,20,1,1,Cut_in,Baseline,All,Professional
-0.268750000000001,-0.0687500000000014,0.0572540877421586,-0.0243749999999991,0.0897002242859547,30.0423611111111,30.125,0.0506069230443731,0.0192346049364224,0.332629770040512,0.219023167692752,0.0275209355289808,0.182257897371401,1.10312701031581,6.59119596031967,0.833577876056229,22.7910428190249,0.309897072987362,1.66572307036383,0.00314133607235343,1.66083070938703,-1.25508696732286,5071,14,31.3,19.5,1,1,Cut_in,Baseline,All,Professional
-0.0812500000000007,0.1875,0.0584398411798722,-0.123749999999998,0.202753802109361,29.5985148514851,29.75,0.0973473911369915,0.118493321346085,0.282756237110289,2.23916918363976,0.220925357088867,1.29308828329927,11.1144360262373,66.366924866443,6.42152124088507,27.1019163455081,0.236663321131431,1.69361940158311,0.0144630185852187,1.66403884327482,-1.86211516644892,6064,101,31.3,20.25,1,1,Cut_in,Baseline,All,Professional
-0.712499999999999,1.28125,0.817134672700411,-0.21125,0.200741783235354,35.8251650165016,37.6472222222222,1.41955661503856,0.140198605262099,0.198338979541665,1.66717240527365,0.188032476968459,1.38221859117948,12.0425537285239,61.3044523639945,7.9136843171558,31.4004537666595,0.21832947872779,1.40537068078206,0.207417737541259,1.1006530774629,-2.47443156470737,10517,101,31.3,21.75,1,1,Cut_in,Baseline,All,Professional
